item,condition,label,critical_position,target_article,article_distractor,next_position,target_noun,noun_distractor,article_cloze,noun_cloze,sentence,alternative,QTYPE,Answer_1_Yes,Question
1,expected,husb_1_expected,19,an,idea,20,apple,assert,82,97,The old wives' tale says that if you want to keep the doctor away then you should eat an apple a day.,x-x-x seen eaten' owed okay cent ha sell sale pm anti mid pushed jack mass laws income pre idea assert sir nor.,NQ,,
1,unexpected,husb_1_unexpected,19,a,idea,20,carrot,assert,0,0,The old wives' tale says that if you want to keep the doctor away then you should eat a carrot a day.,x-x-x seen eaten' owed okay cent ha sell sale pm anti mid pushed jack mass laws income pre idea assert sir nor.,NQ,,
2,expected,husb_2_expected,18,a,bet,19,carrot,euros,98,100,"For the snowman's eyes the children used two pieces of coal, and for its nose they used a carrot from the fridge.","x-x-x dad broadleaf jack sir together anti miss afford glad owns, mom etc ago pray yeah hell bet euros hurt goes depend.",Q,1,Did they build a snowman?
2,unexpected,husb_2_unexpected,18,an,bet,19,apple,euros,0,3,"For the snowman's eyes the children used two pieces of coal, and for its nose they used an apple from the fridge.","x-x-x dad broadleaf jack sir together anti miss afford glad owns, mom etc ago pray yeah hell bet euros hurt goes depend.",Q,1,Did they build a snowman?
3,expected,husb_3_expected,12,an,sale,13,accent,slices,55,100,It was difficult to understand the foreign professor because he had an accent when he spoke.,x-x-x dear boyfriend ha everywhere cup follows somewhere weekend etc feet sale slices jack lie stats.,NQ,,
3,unexpected,husb_3_unexpected,12,a,sale,13,lisp,slices,39,7,It was difficult to understand the foreign professor because he had a lisp when he spoke.,x-x-x dear boyfriend ha everywhere cup follows somewhere weekend etc feet sale slices jack lie stats.,NQ,,
4,expected,husb_4_expected,16,a,spot,17,lisp,teas,86,93,Katie did not like to say words with the letter s because she spoke with a lisp and was embarrassed.,x-x-x hell sun yeah ha anti month cent site pushed duty eastern buy solar sell spot teas pre cars utilization.,NQ,,
4,unexpected,husb_4_unexpected,16,an,spot,17,accent,teas,0,20,Katie did not like to say words with the letter s because she spoke with an accent and was embarrassed.,x-x-x hell sun yeah ha anti month cent site pushed duty eastern buy solar sell spot teas pre cars utilization.,NQ,,
5,expected,husb_5_expected,19,an,ha,20,apology,raiders,89,93,Dale was very sorry for what he had said to Bernadette and he knew that he owed her an apology because she was still upset.,x-x-x hell yeah rates eat anti hear link hall wind Supervises sad sun holy sale map trek wall ha raiders nations jack goal march boost.,Q,1,Was Dale sorry?
5,unexpected,husb_5_unexpected,19,a,ha,20,cheque,raiders,0,0,Dale was very sorry for what he had said to Bernadette and he knew that he owed her a cheque because she was still upset.,x-x-x hell yeah rates eat anti hear link hall wind Supervises sad sun holy sale map trek wall ha raiders nations jack goal march boost.,Q,1,Was Dale sorry?
6,expected,husb_6_expected,14,a,ride,15,cheque,locate,93,100,The bakery did not accept credit cards so Peter would have to write a cheque to the owner.,x-x-x bolted yeah etc genius decade ocean eyes Wings miles lake el types ride locate guys ago occur.,NQ,,
6,unexpected,husb_6_unexpected,14,an,ride,15,apology,locate,0,0,The bakery did not accept credit cards so Peter would have to write an apology to the owner.,x-x-x bolted yeah etc genius decade ocean eyes Wings miles lake el types ride locate guys ago occur.,NQ,,
7,expected,husb_7_expected,21,an,kid,22,aeroplane,ankles,77,80,"Although the idea of flight was as old as the hills, the Wright Brothers were the first people to build an aeroplane that actually flew.","x-x-x door whom hour nights yeah ha hear end etc threw, mom Topped Tomorrow holy lie feels prices wife types kid ankles hate thoughts ruby.",NQ,,
7,unexpected,husb_7_unexpected,21,a,kid,22,kite,ankles,18,0,"Although the idea of flight was as old as the hills, the Wright Brothers were the first people to build a kite that actually flew.","x-x-x door whom hour nights yeah ha hear end etc threw, mom Topped Tomorrow holy lie feels prices wife types kid ankles hate thoughts ruby.",NQ,,
8,expected,husb_8_expected,12,a,sir,13,kite,soften,61,97,The day was breezy so the boy went outside to fly a kite in the park.,x-x-x seen non binder jack etc nor sale website girl app sir soften pre cent whom.,Q,1,Was the day breezy?
8,unexpected,husb_8_unexpected,12,an,sir,13,aeroplane,soften,0,34,The day was breezy so the boy went outside to fly an aeroplane in the park.,x-x-x seen non binder jack etc nor sale website girl app sir soften pre cent whom.,Q,1,Was the day breezy?
9,expected,husb_9_expected,11,an,seat,12,echo,owns,75,93,"Surrounded by mountains, Lola shouted across the valley and heard an echo in the distance.","x-x-x nice submitted, Coli lawsuit decide wish exists pre cases seat owns laws etc requires.",NQ,,
9,unexpected,husb_9_unexpected,11,a,seat,12,bird,owns,2,3,"Surrounded by mountains, Lola shouted across the valley and heard a bird in the distance.","x-x-x nice submitted, Coli lawsuit decide wish exists pre cases seat owns laws etc requires.",NQ,,
10,expected,husb_10_expected,8,a,bet,9,bird,info,25,80,The tweeting in the treetops sounded like a bird to Melissa.,x-x-x locating mid glad absolved hurting fund bet info jobs Expires.,NQ,,
10,unexpected,husb_10_unexpected,8,an,bet,9,echo,info,0,3,The tweeting in the treetops sounded like an echo to Melissa.,x-x-x locating mid glad absolved hurting fund bet info jobs Expires.,NQ,,
11,expected,husb_11_expected,18,an,sir,19,octopus,sleeps,84,87,"When the scuba diver saw the tentacle, he quickly realized that the creature under the rock was an octopus in hiding.","x-x-x lie evoke bland pre fund heretics, ha eastern distinct cent sell adopting china kid asks sad sir sleeps us laptop.",Q,2,Did the diver see a treasure?
11,unexpected,husb_11_unexpected,18,a,sir,19,fish,sleeps,9,7,"When the scuba diver saw the tentacle, he quickly realized that the creature under the rock was a fish in hiding.","x-x-x lie evoke bland pre fund heretics, ha eastern distinct cent sell adopting china kid asks sad sir sleeps us laptop.",Q,2,Did the diver see a treasure?
12,expected,husb_12_expected,17,a,anti,18,fish,ponds,66,100,"Marge hated baiting the hook, but she knew that it was the only way to catch a fish without using a lure.","x-x-x scope pallets jack troy, pre etc lake vote map note rose held sir fund aware anti ponds schools shall may ante.",NQ,,
12,unexpected,husb_12_unexpected,17,an,anti,18,octopus,ponds,2,13,"Marge hated baiting the hook, but she knew that it was the only way to catch an octopus without using a lure.","x-x-x scope pallets jack troy, pre etc lake vote map note rose held sir fund aware anti ponds schools shall may ante.",NQ,,
13,expected,husb_13_expected,13,an,hate,14,artist,levels,61,97,On a street corner in Paris Kim had her portrait painted by an artist for three euros.,x-x-x lady starts errors sir Worse Bug fat cent operates android pm hate levels pain knows fetus.,NQ,,
13,unexpected,husb_13_unexpected,13,a,hate,14,student,levels,36,0,On a street corner in Paris Kim had her portrait painted by a student for three euros.,x-x-x lady starts errors sir Worse Bug fat cent operates android pm hate levels pain knows fetus.,NQ,,
14,expected,husb_14_expected,19,a,mind,20,student,starts,73,90,"Betsy had no desire to enter the working world, so decided to stay at the university and remain a student for a few more semesters.","x-x-x door sir refers dark yours etc seconds using, ha parking el holy hear done represents your tongue mind starts anti oh ago site sprinkled.",Q,2,Did Betsy find a job?
14,unexpected,husb_14_unexpected,19,an,mind,20,artist,starts,5,0,"Betsy had no desire to enter the working world, so decided to stay at the university and remain an artist for a few more semesters.","x-x-x door sir refers dark yours etc seconds using, ha parking el holy hear done represents your tongue mind starts anti oh ago site sprinkled.",Q,2,Did Betsy find a job?
15,expected,husb_15_expected,24,an,guys,25,education,users,59,90,"Her grandfather always stressed how important it was for Sophia to go to school, because he had never had the opportunity to receive an education while growing up.","x-x-x furthermore global gasoline etc component ha bed miss Refund test el term minute, million al sale click guy yeah governments anti tonight guys users sorry seconds god.",NQ,,
15,unexpected,husb_15_unexpected,24,a,guys,25,book,users,27,0,"Her grandfather always stressed how important it was for Sophia to go to school, because he had never had the opportunity to receive a book while growing up.","x-x-x furthermore global gasoline etc component ha bed miss Refund test el term minute, million al sale click guy yeah governments anti tonight guys users sorry seconds god.",NQ,,
16,expected,husb_16_expected,16,a,etc,17,book,happens,75,93,"James is an avid reader, so for his birthday his sister decided to give him a book about Africa.","x-x-x vote pm troy allies, jack cent guy replaced pre myself seconds gas yeah anti etc happens earth Prefer.",NQ,,
16,unexpected,husb_16_unexpected,16,an,etc,17,education,happens,2,0,"James is an avid reader, so for his birthday his sister decided to give him an education about Africa.","x-x-x vote pm troy allies, jack cent guy replaced pre myself seconds gas yeah anti etc happens earth Prefer.",NQ,,
17,expected,husb_17_expected,17,an,oh,18,election,worries,70,62,"When the representative retired in the middle of his term, the state was forced to hold an election in his district.","x-x-x cent quantitatively hurting ha thus forget buy pick till, miss knows yeah screen goes lady oh worries glad mom somebody.",NQ,,
17,unexpected,husb_17_unexpected,17,a,oh,18,parade,worries,20,0,"When the representative retired in the middle of his term, the state was forced to hold a parade in his district.","x-x-x cent quantitatively hurting ha thus forget buy pick till, miss knows yeah screen goes lady oh worries glad mom somebody.",NQ,,
18,expected,husb_18_expected,12,a,ha,13,parade,refers,95,87,Without the floats and the marching bands it wasn't much of a parade this year.,x-x-x cent downed pre yeah declares guilt sir cancer skin eyes ha refers glad anti.,NQ,,
18,unexpected,husb_18_unexpected,12,an,ha,13,election,refers,0,0,Without the floats and the marching bands it wasn't much of an election this year.,x-x-x cent downed pre yeah declares guilt sir cancer skin eyes ha refers glad anti.,NQ,,
19,expected,husb_19_expected,20,an,cent,21,affair,rivers,98,100,"When her husband started staying late at the office every night, Joanne began to suspect that he was having an affair with someone at work.","x-x-x miss anymore awesome streams goal view goes happen views aware, Compel exist etc amongst vote map sir review cent rivers guys website pre jack.",NQ,,
19,unexpected,husb_19_unexpected,20,a,cent,21,fight,rivers,2,0,"When her husband started staying late at the office every night, Joanne began to suspect that he was having a fight with someone at work.","x-x-x miss anymore awesome streams goal view goes happen views aware, Compel exist etc amongst vote map sir review cent rivers guys website pre jack.",NQ,,
20,expected,husb_20_expected,16,a,el,17,fight,faced,75,90,"Whenever Josh had too much to drink, he became belligerent and would try to start a fight with someone in the bar.","x-x-x Dish dear cent ones pm yards, ha county confederacy hall china nor sun shall el faced soul realize lake came ran.",Q,2,Would Josh sing if drunk?
20,unexpected,husb_20_unexpected,16,an,el,17,affair,faced,9,0,"Whenever Josh had too much to drink, he became belligerent and would try to start an affair with someone in the bar.","x-x-x Dish dear cent ones pm yards, ha county confederacy hall china nor sun shall el faced soul realize lake came ran.",Q,2,Would Josh sing if drunk?
21,expected,husb_21_expected,30,an,le,31,allowance,argues,60,77,"Instead of giving her money whenever she asked for it, Rachel's father thought that it would be a real lesson in economics for her if every week she received an allowance to spend as she wished.","x-x-x anti walker ago comes darkness hear weird pre jack, Positron myself highest cent page quick el map upon allies uses announces wild etc ha march yeah feet greatest le argues guys types al east trucks.",NQ,,
21,unexpected,husb_21_unexpected,30,a,le,31,pound,argues,9,3,"Instead of giving her money whenever she asked for it, Rachel's father thought that it would be a real lesson in economics for her if every week she received a pound to spend as she wished.","x-x-x anti walker ago comes darkness hear weird pre jack, Positron myself highest cent page quick el map upon allies uses announces wild etc ha march yeah feet greatest le argues guys types al east trucks.",NQ,,
22,expected,husb_22_expected,17,a,gets,18,pound,argues,52,53,"Andrew complained that the only place he could afford was Poundland, after his grandmother gave him a pound for helping her.","x-x-x instructor seat etc yeah yours mind funny heroes sad Sobriquet, guess ago understands ways may gets argues hear happens hour.",NQ,,
22,unexpected,husb_22_unexpected,17,an,gets,18,allowance,argues,2,17,"Andrew complained that the only place he could afford was Poundland, after his grandmother gave him an allowance for helping her.","x-x-x instructor seat etc yeah yours mind funny heroes sad Sobriquet, guess ago understands ways may gets argues hear happens hour.",NQ,,
23,expected,husb_23_expected,24,an,ha,25,emergency,rates,70,93,"When she was filling out the paperwork, Merrill had to write down the name of someone who could be contacted in case of an emergency while she was at work.","x-x-x miss ways outcome yeah want proposing, Bayonet holy etc yours ride grow thus feet awesome pre queen anti sentiment cent died le ha rates enjoy ago lord am laws.",NQ,,
23,unexpected,husb_23_unexpected,24,a,ha,25,fire,rates,0,3,"When she was filling out the paperwork, Merrill had to write down the name of someone who could be contacted in case of a fire while she was at work.","x-x-x miss ways outcome yeah want proposing, Bayonet holy etc yours ride grow thus feet awesome pre queen anti sentiment cent died le ha rates enjoy ago lord am laws.",NQ,,
24,expected,husb_24_expected,18,a,soul,19,fire,anymore,75,93,Harris saw smoke billowing out of his neighbours' home and immediately got on the phone to report a fire at their address.,x-x-x jack learn autosomal yeah sir yes determines' cent hate demographic fact mark laws shall hope except soul anymore le types follows.,Q,1,Did Harris see smoke?
24,unexpected,husb_24_unexpected,18,an,soul,19,emergency,anymore,0,40,Harris saw smoke billowing out of his neighbours' home and immediately got on the phone to report an emergency at their address.,x-x-x jack learn autosomal yeah sir yes determines' cent hate demographic fact mark laws shall hope except soul anymore le types follows.,Q,1,Did Harris see smoke?
25,expected,husb_25_expected,23,an,lake,24,iron,depart,59,97,Charlie's wife told him that she was tired of pressing his shirts and that he would have to learn how to use an iron one of these days.,x-x-x till cent spot rate jack sale boost bar premiere map refers fact anti etc coast laws el users fund uses nor lake depart hear rise march miss.,NQ,,
25,unexpected,husb_25_unexpected,23,a,lake,24,hanger,depart,2,0,Charlie's wife told him that she was tired of pressing his shirts and that he would have to learn how to use a hanger one of these days.,x-x-x till cent spot rate jack sale boost bar premiere map refers fact anti etc coast laws el users fund uses nor lake depart hear rise march miss.,NQ,,
26,expected,husb_26_expected,15,a,met,16,hanger,cores,84,87,I wanted to put my coat in the closet but I could not find a hanger anywhere.,x-x-x animal cup nor mid warn ha lose felony son le coast laws hall met cores sciences.,NQ,,
26,unexpected,husb_26_unexpected,15,an,met,16,iron,cores,0,0,I wanted to put my coat in the closet but I could not find an iron anywhere.,x-x-x animal cup nor mid warn ha lose felony son le coast laws hall met cores sciences.,NQ,,
27,expected,husb_27_expected,16,an,mark,17,accident,follows,70,97,No matter how safely you drive your car chances are someday you'll be involved in an accident with another vehicle.,x-x-x prices feet thesis pre china lake whom absence soul genesis author al congress cup mark follows anti removed explore.,NQ,,
27,unexpected,husb_27_unexpected,16,a,mark,17,race,follows,27,0,No matter how safely you drive your car chances are someday you'll be involved in a race with another vehicle.,x-x-x prices feet thesis pre china lake whom absence soul genesis author al congress cup mark follows anti removed explore.,NQ,,
28,expected,husb_28_expected,23,a,ha,24,race,appears,61,27,When we saw the finish line and the pylons sectioning off part of the road we knew that there must have been a race earlier that day.,x-x-x miss anti glad denied hate lord fund deport winningest mom soul lady born whom dad sale bill worry code yeah card ha appears clients rise eat.,NQ,,
28,unexpected,husb_28_unexpected,23,an,ha,24,accident,appears,36,67,When we saw the finish line and the pylons sectioning off part of the road we knew that there must have been an accident earlier that day.,x-x-x miss anti glad denied hate lord fund deport winningest mom soul lady born whom dad sale bill worry code yeah card ha appears clients rise eat.,NQ,,
29,expected,husb_29_expected,17,a,hear,18,flat,allows,66,90,Margot had finally decided to buy a house in the suburbs after a year of renting a flat in the city.,x-x-x guys percent product fish sir etc rates miss eat liquids users ha upon jack persona hear allows god cent seem.,Q,2,Did Margot want to buy a car?
29,unexpected,husb_29_unexpected,17,an,hear,18,apartment,allows,11,90,Margot had finally decided to buy a house in the suburbs after a year of renting an apartment in the city.,x-x-x guys percent product fish sir etc rates miss eat liquids users ha upon jack persona hear allows god cent seem.,Q,2,Did Margot want to buy a car?
30,expected,husb_30_expected,19,a,pm,20,studio,suppose,77,90,Instead of recording a live album the band decided they would have more control if they recorded in a studio without a lot of background noise.,x-x-x pre testament sir guys yours eat suck tonight laws funny card jack justice anti mark policies walk pm suppose awesome le ran dad lieutenant filed.,NQ,,
30,unexpected,husb_30_unexpected,19,an,pm,20,apartment,suppose,0,0,Instead of recording a live album the band decided they would have more control if they recorded in an apartment without a lot of background noise.,x-x-x pre testament sir guys yours eat suck tonight laws funny card jack justice anti mark policies walk pm suppose awesome le ran dad lieutenant filed.,NQ,,
31,expected,husb_31_expected,16,an,jack,17,invitation,applies,73,77,Sue had wanted to go to Tim's birthday party but she was still waiting for an invitation from him.,x-x-x sale prince etc nor ha Barbs contains doubt cent pre port types comment miss jack applies feet grow.,NQ,,
31,unexpected,husb_31_unexpected,16,a,jack,17,message,applies,11,0,Sue had wanted to go to Tim's birthday party but she was still waiting for a message from him.,x-x-x sale prince etc nor ha Barbs contains doubt cent pre port types comment miss jack applies feet grow.,NQ,,
32,expected,husb_32_expected,17,a,met,18,message,playoffs,64,80,When I called his house Nolan was not home but his mother said she could relay a message to him.,x-x-x ha animal jack exist Cocoa date mark cent anti pre happen sale base super acids met playoffs fat etc.,NQ,,
32,unexpected,husb_32_unexpected,17,an,met,18,invitation,playoffs,0,3,When I called his house Nolan was not home but his mother said she could relay an invitation to him.,x-x-x ha animal jack exist Cocoa date mark cent anti pre happen sale base super acids met playoffs fat etc.,NQ,,
33,expected,husb_33_expected,14,an,lie,15,elephant,extends,73,53,The highlight of Jack's trip to India was when he got to ride an elephant in the parade.,x-x-x subjected wish Nuclei tons cent Ratio boys file miss skin mean inch lie extends pm knew trends.,NQ,,
33,unexpected,husb_33_unexpected,14,a,lie,15,bicycle,extends,11,0,The highlight of Jack's trip to India was when he got to ride a bicycle in the parade.,x-x-x subjected wish Nuclei tons cent Ratio boys file miss skin mean inch lie extends pm knew trends.,NQ,,
34,expected,husb_34_expected,7,a,lack,8,bicycle,deposits,95,97,You never forget how to ride a bicycle once you've learned.,x-x-x hours animal door fund onto lack deposits glad author eastern.,NQ,,
34,unexpected,husb_34_unexpected,7,an,lack,8,elephant,deposits,0,30,You never forget how to ride an elephant once you've learned.,x-x-x hours animal door fund onto lack deposits glad author eastern.,NQ,,
35,expected,husb_35_expected,14,an,yeah,15,umbrella,providers,93,97,Because it frequently rains in London it's a good idea to always carry an umbrella with you.,x-x-x cent girlfriend envoy dad Expect glad whom jobs died al united units yeah providers lose knew.,NQ,,
35,unexpected,husb_35_unexpected,14,a,yeah,15,newspaper,providers,5,0,Because it frequently rains in London it's a good idea to always carry a newspaper with you.,x-x-x cent girlfriend envoy dad Expect glad whom jobs died al united units yeah providers lose knew.,NQ,,
36,expected,husb_36_expected,24,a,yeah,25,newspaper,playoffs,75,77,As he walked past the corner drugstore on his way to work Carl skimmed the headlines and decided to go ahead and buy a newspaper when he saw what the forecast was.,x-x-x cent turkey jack grow exists elemental soul want guys pre role Saga rooster vote detecting anti anymore link el exist mom etc yeah playoffs lose ha mark lord hear regulate mid.,Q,1,Was Carl going to work?
36,unexpected,husb_36_unexpected,24,an,yeah,25,umbrella,playoffs,2,7,As he walked past the corner drugstore on his way to work Carl skimmed the headlines and decided to go ahead and buy an umbrella when he saw what the forecast was.,x-x-x cent turkey jack grow exists elemental soul want guys pre role Saga rooster vote detecting anti anymore link el exist mom etc yeah playoffs lose ha mark lord hear regulate mid.,Q,1,Was Carl going to work?
37,expected,husb_37_expected,14,an,cent,15,architect,criticize,82,80,Frank wanted to design a very modern house so he sought advice from an architect to select the fixtures.,x-x-x review etc except oh hear listen enjoy guys pm treaty affect days cent criticize loss decade ago tolerate.,NQ,,
37,unexpected,husb_37_unexpected,14,a,cent,15,plumber,criticize,11,0,Frank wanted to design a very modern house so he sought advice from a plumber to select the fixtures.,x-x-x review etc except oh hear listen enjoy guys pm treaty affect days cent criticize loss decade ago tolerate.,NQ,,
38,expected,husb_38_expected,15,a,etc,16,plumber,journeys,93,93,When the pipe broke in the bathroom Felicia looked through the phonebook to find a plumber who could come and take a look at the job.,x-x-x cent rely weird sure glad anywhere Decimal summit culture sir befriends miss laws etc journeys pre basis yeah fund ones nor seem add yes else.,NQ,,
38,unexpected,husb_38_unexpected,15,an,etc,16,architect,journeys,0,0,When the pipe broke in the bathroom Felicia looked through the phonebook to find an architect who could come and take a look at the job.,x-x-x cent rely weird sure glad anywhere Decimal summit culture sir befriends miss laws etc journeys pre basis yeah fund ones nor seem add yes else.,NQ,,
39,expected,husb_39_expected,13,an,ago,14,infection,brands,93,97,Because Bart did not clean his wound properly he ended up getting an infection on his leg.,x-x-x Hike date west yours sir clash eligible el queen oh airport ago brands boys sold der.,NQ,,
39,unexpected,husb_39_unexpected,13,a,ago,14,tattoo,brands,2,0,Because Bart did not clean his wound properly he ended up getting a tattoo on his leg.,x-x-x Hike date west yours sir clash eligible el queen oh airport ago brands boys sold der.,NQ,,
40,expected,husb_40_expected,20,a,lake,21,tattoo,operators,55,93,The Hell's Angel rolled up the sleeve of his leather jacket to show the girls where he had gotten a tattoo the previous night.,x-x-x Gamers React maiden sir glad relies pre gain existed fiscal okay till mind whose coast ha anti bailey lake operators sea honestly china.,NQ,,
40,unexpected,husb_40_unexpected,20,an,lake,21,infection,operators,0,0,The Hell's Angel rolled up the sleeve of his leather jacket to show the girls where he had gotten an infection the previous night.,x-x-x Gamers React maiden sir glad relies pre gain existed fiscal okay till mind whose coast ha anti bailey lake operators sea honestly china.,NQ,,
41,expected,husb_41_expected,16,an,cent,17,adult,blame,91,100,In order to get into an R-rated movie children under 17 must be accompanied by an adult or legal guardian.,x-x-x worth sure guys yeah etc Dioxide rates findings miles ha lake el assumptions vote cent blame le taxes websites.,NQ,,
41,unexpected,husb_41_unexpected,16,a,cent,17,parent,blame,9,7,In order to get into an R-rated movie children under 17 must be accompanied by a parent or legal guardian.,x-x-x worth sure guys yeah etc Dioxide rates findings miles ha lake el assumptions vote cent blame le taxes websites.,NQ,,
42,expected,husb_42_expected,16,a,am,17,parent,hoping,91,37,Older children often have a harder time than younger children dealing with the loss of a parent who has cared for them.,x-x-x everyone truth cent pm abroad knew holy inquiry congress miracle hope till inch king am hoping yeah sale flame sir anti.,NQ,,
42,unexpected,husb_42_unexpected,16,an,am,17,adult,hoping,0,13,Older children often have a harder time than younger children dealing with the loss of an adult who has cared for them.,x-x-x everyone truth cent pm abroad knew holy inquiry congress miracle hope till inch king am hoping yeah sale flame sir anti.,NQ,,
43,expected,husb_43_expected,6,a,el,7,stamp,shapes,86,93,Jeffrey mailed the letter without a stamp so the post office would never deliver it.,x-x-x softer guy pushed nations el shapes wind eyes whom myself super types degrees dad.,Q,2,Did Hannah mail the letter?
43,unexpected,husb_43_unexpected,6,an,el,7,envelope,shapes,2,40,Jeffrey mailed the letter without an envelope so the post office would never deliver it.,x-x-x softer guy pushed nations el shapes wind eyes whom myself super types degrees dad.,Q,2,Did Hannah mail the letter?
44,expected,husb_44_expected,21,an,miss,22,envelope,phases,77,90,When Wendy went to pay for the birthday card the clerk pointed out that she had forgotten to pick up an envelope along with it.,x-x-x Cater hell hall cent link etc anywhere foot hate hence cricket pre jack anti mid framework ha semi need miss phases goals rise ago.,NQ,,
44,unexpected,husb_44_unexpected,21,a,miss,22,stamp,phases,0,47,When Wendy went to pay for the birthday card the clerk pointed out that she had forgotten to pick up a stamp along with it.,x-x-x Cater hell hall cent link etc anywhere foot hate hence cricket pre jack anti mid framework ha semi need miss phases goals rise ago.,NQ,,
45,expected,husb_45_expected,19,an,ago,20,amateur,endings,73,67,The professional photographer was disqualified from the photo contest because the rules explicitly state that you must be an amateur in order to compete.,x-x-x additionally inconsistent holy inequalities fair jack yours laughed amazing buy shall passionate birth dear cent anti le ago endings hear wrote same centers.,NQ,,
45,unexpected,husb_45_unexpected,19,a,ago,20,beginner,endings,5,17,The professional photographer was disqualified from the photo contest because the rules explicitly state that you must be a beginner in order to compete.,x-x-x additionally inconsistent holy inequalities fair jack yours laughed amazing buy shall passionate birth dear cent anti le ago endings hear wrote same centers.,NQ,,
46,expected,husb_46_expected,17,a,eyes,18,beginner,examines,82,63,There are always ways to improve your game whether you're an advanced tennis player or merely a beginner you just need to practice a lot.,x-x-x fan prince cent lord seasons glad yeah welcome finish le remained essays coffee pre panels eyes examines laws anti lake van congress died whom.,NQ,,
46,unexpected,husb_46_unexpected,17,an,eyes,18,amateur,examines,16,20,There are always ways to improve your game whether you're an advanced tennis player or merely an amateur you just need to practice a lot.,x-x-x fan prince cent lord seasons glad yeah welcome finish le remained essays coffee pre panels eyes examines laws anti lake van congress died whom.,NQ,,
47,expected,husb_47_expected,21,an,oh,22,excuse,occur,91,100,Amelia did not want to go to the bar with her friends after seeing the movie so she made up an excuse for why she needed to go home early.,x-x-x kind jack luck pm anti ha ago cent fact yeah follows truth planet etc shall mid sir lake rate oh occur feet tree rose minute map pre fund worry.,Q,2,Did Amelia go home late?
47,unexpected,husb_47_unexpected,21,a,oh,22,story,occur,7,13,Amelia did not want to go to the bar with her friends after seeing the movie so she made up a story for why she needed to go home early.,x-x-x kind jack luck pm anti ha ago cent fact yeah follows truth planet etc shall mid sir lake rate oh occur feet tree rose minute map pre fund worry.,Q,2,Did Amelia go home late?
48,expected,husb_48_expected,11,a,etc,12,story,ensure,89,87,Before little Gloria went to sleep she wanted to hear a story from her mother.,x-x-x wonder Selves duty same types link global map laws etc ensure jobs rate occurs.,NQ,,
48,unexpected,husb_48_unexpected,11,an,etc,12,excuse,ensure,0,0,Before little Gloria went to sleep she wanted to hear an excuse from her mother.,x-x-x wonder Selves duty same types link global map laws etc ensure jobs rate occurs.,NQ,,
49,expected,husb_49_expected,24,an,el,25,onion,towers,20,40,At first Victoria did not know why her brother was crying over the sink but then she noticed that he had just sliced an onion with his knife.,x-x-x spent Potatoes non sir anti etc guy imagine jack videos gain web bred hate guys mean achieve sell vote yes sale orient el towers cars know filed.,NQ,,
49,unexpected,husb_49_unexpected,24,a,el,25,finger,towers,2,50,At first Victoria did not know why her brother was crying over the sink but then she noticed that he had just sliced a finger with his knife.,x-x-x spent Potatoes non sir anti etc guy imagine jack videos gain web bred hate guys mean achieve sell vote yes sale orient el towers cars know filed.,NQ,,
50,expected,husb_50_expected,15,a,glad,16,finger,judged,27,37,Marie wanted to sample a tiny bit of the sauce so she daintily dipped a finger into the pot.,x-x-x chance cent dishes sir rely whom etc met pulls hate hear isometry expire glad judged jobs ago deny.,NQ,,
50,unexpected,husb_50_unexpected,15,an,glad,16,onion,judged,0,3,Marie wanted to sample a tiny bit of the sauce so she daintily dipped an onion into the pot.,x-x-x chance cent dishes sir rely whom etc met pulls hate hear isometry expire glad judged jobs ago deny.,NQ,,
51,expected,husb_51_expected,14,an,etc,15,author,levels,75,90,After Joanne's first book was published she finally felt she could call herself an author in front of her peers.,x-x-x Semiarid users guys hell advantage drop weather tree ball march anti kingdom etc levels eat shall hear jack marsh.,Q,1,Was this Joanne's first book?
51,unexpected,husb_51_unexpected,14,a,etc,15,success,levels,25,3,After Joanne's first book was published she finally felt she could call herself a success in front of her peers.,x-x-x Semiarid users guys hell advantage drop weather tree ball march anti kingdom etc levels eat shall hear jack marsh.,Q,1,Was this Joanne's first book?
52,expected,husb_52_expected,11,a,tree,12,success,nations,86,87,Alicia's first client was a failure but her second was a success and made her a lot of money.,x-x-x these makers glad ha awesome pre cent myself our tree nations jack west bill pm else el shall.,NQ,,
52,unexpected,husb_52_unexpected,11,an,tree,12,author,nations,5,0,Alicia's first client was a failure but her second was an author and made her a lot of money.,x-x-x these makers glad ha awesome pre cent myself our tree nations jack west bill pm else el shall.,NQ,,
53,expected,husb_53_expected,10,an,mind,11,actor,comments,70,93,Lance had moved to Hollywood in hopes of becoming an actor but so far he had only done a few commercials.,x-x-x wife saint jack Disorders eat throw skin believed mind comments ask el cup god etc lake tree ha whom methodology.,NQ,,
53,unexpected,husb_53_unexpected,10,a,mind,11,director,comments,25,7,Lance had moved to Hollywood in hopes of becoming a director but so far he had only done a few commercials.,x-x-x wife saint jack Disorders eat throw skin believed mind comments ask el cup god etc lake tree ha whom methodology.,NQ,,
54,expected,husb_54_expected,17,a,el,18,director,tells,93,77,From a young age Steven had an interest in filmmaking and had always dreamed of being a director when he grew up.,x-x-x send rates thus Devils guys pm republic laws sovereigns bar sir please runners camp noted el tells wait walk flow bank.,Q,2,Was Steven interested in art?
54,unexpected,husb_54_unexpected,17,an,el,18,actor,tells,5,30,From a young age Steven had an interest in filmmaking and had always dreamed of being an actor when he grew up.,x-x-x send rates thus Devils guys pm republic laws sovereigns bar sir please runners camp noted el tells wait walk flow bank.,Q,2,Was Steven interested in art?
55,expected,husb_55_expected,19,an,met,20,audience,policies,68,93,Dana enjoyed singing in private but was scared to death at the thought of performing in front of an audience at the concert.,x-x-x destiny suppose sir imagine die god galaxy al basis link uses reached glad agreements pm wrote lord met policies son guy follows.,NQ,,
55,unexpected,husb_55_unexpected,19,a,met,20,crowd,policies,25,60,Dana enjoyed singing in private but was scared to death at the thought of performing in front of a crowd at the concert.,x-x-x destiny suppose sir imagine die god galaxy al basis link uses reached glad agreements pm wrote lord met policies son guy follows.,NQ,,
56,expected,husb_56_expected,13,a,hall,14,crowd,opens,100,93,Carrie's father had always joked that two is company but three is a crowd for him.,x-x-x happen cent prices otter soul etc pre profile mid march fund hall opens anti ago.,NQ,,
56,unexpected,husb_56_unexpected,13,an,hall,14,audience,opens,0,0,Carrie's father had always joked that two is company but three is an audience for him.,x-x-x happen cent prices otter soul etc pre profile mid march fund hall opens anti ago.,NQ,,
57,expected,husb_57_expected,8,an,soul,9,escalator,promoters,34,69,Damon preferred climbing stairs over going up an escalator because it had given him the chance to get a little exercise.,x-x-x inspector surveyed comply hate sorry god soul promoters opinion ha mom award goes yeah happen le anti cell itself sessions.,Q,1,Did Damon prefer stairs over lifts?
57,unexpected,husb_57_unexpected,8,a,soul,9,wheelchair,promoters,11,0,Damon preferred climbing stairs over going up a wheelchair because it had given him the chance to get a little exercise.,x-x-x inspector surveyed comply hate sorry god soul promoters opinion ha mom award goes yeah happen le anti cell itself sessions.,Q,1,Did Damon prefer stairs over lifts?
58,expected,husb_58_expected,21,a,bet,22,wheelchair,premieres,66,73,The doctors told Monica not to use her legs too much so soon after her surgery so she often used a wheelchair when moving around to rest her legs.,x-x-x ignored luck Builds lord card etc guy lets sell ones le cent click map belongs link jack green mine bet premieres hate theory league god semi sir deny.,Q,2,Could Monica use stairs very often?
58,unexpected,husb_58_unexpected,21,an,bet,22,escalator,premieres,0,0,The doctors told Monica not to use her legs too much so soon after her surgery so she often used an escalator when moving around to rest her legs.,x-x-x ignored luck Builds lord card etc guy lets sell ones le cent click map belongs link jack green mine bet premieres hate theory league god semi sir deny.,Q,2,Could Monica use stairs very often?
59,expected,husb_59_expected,20,an,card,21,airport,include,52,73,The pilot had to make an emergency landing in the middle of the desert because he was nowhere near an airport or a safe place to land.,x-x-x apart pre oh cent el celebrate authors mom glad choose talk girl unlike comment sell sex divorce jack card include yeah le whom asked soul lady.,NQ,,
59,unexpected,husb_59_unexpected,20,a,card,21,city,include,16,7,The pilot had to make an emergency landing in the middle of the desert because he was nowhere near a city or a safe place to land.,x-x-x apart pre oh cent el celebrate authors mom glad choose talk girl unlike comment sell sex divorce jack card include yeah le whom asked soul lady.,NQ,,
60,expected,husb_60_expected,17,a,held,18,city,cases,16,90,Hannah wanted to live in a small town but her husband preferred to live closer to a city because of his job.,x-x-x recent cent anti mind etc award laws pre sir suppose thousands yeah cell losses bit held cases awesome pm jack nor.,NQ,,
60,unexpected,husb_60_unexpected,17,an,held,18,airport,cases,0,27,Hannah wanted to live in a small town but her husband preferred to live closer to an airport because of his job.,x-x-x recent cent anti mind etc award laws pre sir suppose thousands yeah cell losses bit held cases awesome pm jack nor.,NQ,,
61,expected,husb_61_expected,16,an,dad,17,offense,imagine,70,34,Although the basketball team's defence was very strong they did not have so much of an offense since the middle of the season.,x-x-x cent regardless greedy breathe kid lady forget kill bus text lord dear hall yeah dad imagine sorry cell define own born killed.,NQ,,
61,unexpected,husb_61_unexpected,16,a,dad,17,coach,imagine,18,0,Although the basketball team's defence was very strong they did not have so much of a coach since the middle of the season.,x-x-x cent regardless greedy breathe kid lady forget kill bus text lord dear hall yeah dad imagine sorry cell define own born killed.,NQ,,
62,expected,husb_62_expected,14,a,etc,15,coach,hence,98,70,Ever since Mr.Barnes had moved away Bobby's football team had been left without a coach and thus lost all their games.,x-x-x whole Subspaces nice favor hear Demesne yourself yeah cool holy cent seconds etc hence eat tons cell sir click shall.,NQ,,
62,unexpected,husb_62_unexpected,14,an,etc,15,offense,hence,0,0,Ever since Mr.Barnes had moved away Bobby's football team had been left without an offense and thus lost all their games.,x-x-x whole Subspaces nice favor hear Demesne yourself yeah cool holy cent seconds etc hence eat tons cell sir click shall.,NQ,,
63,expected,husb_63_expected,13,an,etc,14,idea,thus,75,83,The group had been brainstorming all day but they still didn't have an idea for their project.,x-x-x yours hell cent insufficiency jack lord sir port floor animal laws etc thus pre feels follows.,Q,2,Did the group reach a conclusion?
63,unexpected,husb_63_unexpected,13,a,etc,14,name,thus,25,0,The group had been brainstorming all day but they still didn't have a name for their project.,x-x-x yours hell cent insufficiency jack lord sir port floor animal laws etc thus pre feels follows.,Q,2,Did the group reach a conclusion?
64,expected,husb_64_expected,18,a,lake,19,name,held,68,50,The guys didn't know what to call their band so Trent told everyone to come up with a name and they would vote.,x-x-x else prince anti bill map laws coast thus port Colon fund benefits jack cent cell term lake held feet east civil jury.,Q,1,Did Trent suggest to vote?
64,unexpected,husb_64_unexpected,18,an,lake,19,idea,held,11,77,The guys didn't know what to call their band so Trent told everyone to come up with an idea and they would vote.,x-x-x else prince anti bill map laws coast thus port Colon fund benefits jack cent cell term lake held feet east civil jury.,Q,1,Did Trent suggest to vote?
65,expected,husb_65_expected,15,an,al,16,island,agree,73,93,Being from the mainland Karen never got used to the feeling of living on an island and being so removed from everything.,x-x-x jack send responds Hairy funny pre fund el plus follows pm posted bet al agree sir award cent package anti percentage.,Q,1,Was Karen from the mainland?
65,unexpected,husb_65_unexpected,15,a,al,16,ship,agree,14,7,Being from the mainland Karen never got used to the feeling of living on a ship and being so removed from everything.,x-x-x jack send responds Hairy funny pre fund el plus follows pm posted bet al agree sir award cent package anti percentage.,Q,1,Was Karen from the mainland?
66,expected,husb_66_expected,23,a,pm,24,ship,types,100,23,Sandra decided that she would work for a cruise line for a year before starting university although she had never been on a ship and did not know how to swim.,x-x-x weapons lake miss click cent yeah oh metres hear anti than eyes impact republic understand yourself sell mid exist wall le pm types sir jack sun laws bill web tens.,NQ,,
66,unexpected,husb_66_unexpected,23,an,pm,24,island,types,0,7,Sandra decided that she would work for a cruise line for a year before starting university although she had never been on an island and did not know how to swim.,x-x-x weapons lake miss click cent yeah oh metres hear anti than eyes impact republic understand yourself sell mid exist wall le pm types sir jack sun laws bill web tens.,NQ,,
67,expected,husb_67_expected,23,an,ha,24,owl,res,86,87,As Elizabeth climbed the ladder in the barn she heard a hooting sound coming from the rafters and looked up to see an owl staring down at her.,x-x-x Hopefully genesis knew waiter al know owed miss goals sir alveoli costs league sold etc equated non agency web fund laws ha res polling file sale rule.,NQ,,
67,unexpected,husb_67_unexpected,23,a,ha,24,cat,res,14,0,As Elizabeth climbed the ladder in the barn she heard a hooting sound coming from the rafters and looked up to see a cat staring down at her.,x-x-x Hopefully genesis knew waiter al know owed miss goals sir alveoli costs league sold etc equated non agency web fund laws ha res polling file sale rule.,NQ,,
68,expected,husb_68_expected,20,a,vote,21,cat,hath,82,27,Every time they went for walks Sylvia's dog Rex would break into a run as soon as he spotted a cat but luckily Rex couldn't climb trees.,x-x-x yeah hear glad map lacks Locative pope Zinc worse floor anti met laws sir deny shop etc dignity vote hath pre urgency Levy criminal indie email.,NQ,,
68,unexpected,husb_68_unexpected,20,an,vote,21,owl,hath,18,10,Every time they went for walks Sylvia's dog Rex would break into a run as soon as he spotted an owl but luckily Rex couldn't climb trees.,x-x-x yeah hear glad map lacks Locative pope Zinc worse floor anti met laws sir deny shop etc dignity vote hath pre urgency Levy criminal indie email.,NQ,,
69,expected,husb_69_expected,25,an,file,26,ocean,occurs,73,93,The first time Timmy saw the Pacific he thought it was a lake but his brother laughed and explained to him that it was an ocean and he should be careful of the waves.,x-x-x yours yeah Pests sale cent Depends sir anymore door dad ha onto hate pre respond faculty kill expansion shop etc jack vote lord file occurs hear pm online laws trigger al hall sells.,NQ,,
69,unexpected,husb_69_unexpected,25,a,file,26,mirage,occurs,5,0,The first time Timmy saw the Pacific he thought it was a lake but his brother laughed and explained to him that it was a mirage and he should be careful of the waves.,x-x-x yours yeah Pests sale cent Depends sir anymore door dad ha onto hate pre respond faculty kill expansion shop etc jack vote lord file occurs hear pm online laws trigger al hall sells.,NQ,,
70,expected,husb_70_expected,23,a,dad,24,mirage,toured,68,57,As the men stumbled across the desert they thought they saw an oasis on the horizon but it turned out to be a mirage so they continued walking.,x-x-x cent else eruption murder sale judged yeah economy file hour sir synod hate bill satisfy self pre credit wish kid text dad toured hear jack statement happens.,Q,2,Was there an oasis on the horizon?
70,unexpected,husb_70_unexpected,23,an,dad,24,ocean,toured,16,3,As the men stumbled across the desert they thought they saw an oasis on the horizon but it turned out to be an ocean so they continued walking.,x-x-x cent else eruption murder sale judged yeah economy file hour sir synod hate bill satisfy self pre credit wish kid text dad toured hear jack statement happens.,Q,2,Was there an oasis on the horizon?
71,expected,husb_71_expected,25,an,map,26,order,lacked,57,90,The waitress at the next table was trying to scribble everything down but it was obvious that she did not know how to take an order from her customers.,x-x-x grenades miss seen else worse pre happen wish abortive federation feet lord ha mid borders anti vote web west laws bill lake upon map lacked hear rate describes.,NQ,,
71,unexpected,husb_71_unexpected,25,a,map,26,compliment,lacked,0,0,The waitress at the next table was trying to scribble everything down but it was obvious that she did not know how to take a compliment from her customers.,x-x-x grenades miss seen else worse pre happen wish abortive federation feet lord ha mid borders anti vote web west laws bill lake upon map lacked hear rate describes.,NQ,,
72,expected,husb_72_expected,16,a,etc,17,compliment,estimates,73,90,Marcy did not deal well with praise and had never really learned how to take a compliment even from her friends.,x-x-x dear god anti skin role bailey sell pre china prices biggest eat el yeah etc estimates wear jack uses prevent.,NQ,,
72,unexpected,husb_72_unexpected,16,an,etc,17,order,estimates,0,0,Marcy did not deal well with praise and had never really learned how to take an order even from her friends.,x-x-x dear god anti skin role bailey sell pre china prices biggest eat el yeah etc estimates wear jack uses prevent.,NQ,,
73,expected,husb_73_expected,15,an,sir,16,animal,talked,77,80,Carly wasn't sure if the Venus flytrap was classified as a plant or as an animal but it seemed to have characteristics of both.,x-x-x review cent bill view Facto satiric anti prevention ha am firms guys pm sir talked jobs jack prince vote plus transplantation seat send.,NQ,,
73,unexpected,husb_73_unexpected,15,a,sir,16,flower,talked,18,7,Carly wasn't sure if the Venus flytrap was classified as a plant or as a flower but it seemed to have characteristics of both.,x-x-x review cent bill view Facto satiric anti prevention ha am firms guys pm sir talked jobs jack prince vote plus transplantation seat send.,NQ,,
74,expected,husb_74_expected,14,a,fund,15,flower,deaths,80,93,While Natasha was strolling through the colourful gardens she reached down and picked a flower up off the ground.,x-x-x Unfolds guys diffusion prevent etc totalling honored sir seconds jack hate update fund deaths pre gain laws expect.,Q,1,Was Natasha in the gardens? 
74,unexpected,husb_74_unexpected,14,an,fund,15,animal,deaths,0,0,While Natasha was strolling through the colourful gardens she reached down and picked an animal up off the ground.,x-x-x Unfolds guys diffusion prevent etc totalling honored sir seconds jack hate update fund deaths pre gain laws expect.,Q,1,Was Natasha in the gardens? 
75,expected,husb_75_expected,20,an,oh,21,element,finals,68,60,The chemistry teacher explained to the class that water and salt were both compounds but that nitrogen was just an element that hadn't been combined.,x-x-x achieving staying fantastic etc till shall anti yours pre aims miss tour captivity sir foot chanting lady shop oh finals kids asleep guys struggle.,NQ,,
75,unexpected,husb_75_unexpected,20,a,oh,21,liquid,finals,30,0,The chemistry teacher explained to the class that water and salt were both compounds but that nitrogen was just a liquid that hadn't been combined.,x-x-x achieving staying fantastic etc till shall anti yours pre aims miss tour captivity sir foot chanting lady shop oh finals kids asleep guys struggle.,NQ,,
76,expected,husb_76_expected,22,a,were,23,liquid,clients,73,90,Orlando thought that glass was a solid but when he held it under the Bunsen burner it melted and turned into a liquid that could be sculpted.,x-x-x reality bill roman yeah ago meets hear hate eat ways oh queen runs Burghs toured buy vocals name advice fund were clients week birth guy reprieve.,NQ,,
76,unexpected,husb_76_unexpected,22,an,were,23,element,clients,0,0,Orlando thought that glass was a solid but when he held it under the Bunsen burner it melted and turned into an element that could be sculpted.,x-x-x reality bill roman yeah ago meets hear hate eat ways oh queen runs Burghs toured buy vocals name advice fund were clients week birth guy reprieve.,NQ,,
77,expected,husb_77_expected,20,an,fund,21,egg,courts,70,100,Violet was just learning how to make an omelette so her father began by showing her how to crack an egg in the kitchen.,x-x-x pre cent function bill el upon pm modifies sir rest unless click guy deserve hell etc al cliff fund courts ha glad belongs.,NQ,,
77,unexpected,husb_77_unexpected,20,a,fund,21,window,courts,0,0,Violet was just learning how to make an omelette so her father began by showing her how to crack a window in the kitchen.,x-x-x pre cent function bill el upon pm modifies sir rest unless click guy deserve hell etc al cliff fund courts ha glad belongs.,NQ,,
78,expected,husb_78_expected,16,a,glad,17,window,refer,75,97,Because they were playing baseball so close to the house the children ended up shattering a window and destroying a nest that some birds had built on the sill.,x-x-x lord anti happens syndrome rise sleep sir etc thank hate anywhere yours pm biologists glad refer okay accordance win rely guys cent debut jobs basis mom hour jure.,NQ,,
78,unexpected,husb_78_unexpected,16,an,glad,17,egg,refer,0,0,Because they were playing baseball so close to the house the children ended up shattering an egg and destroying a nest that some birds had built on the sill.,x-x-x lord anti happens syndrome rise sleep sir etc thank hate anywhere yours pm biologists glad refer okay accordance win rely guys cent debut jobs basis mom hour jure.,NQ,,
79,expected,husb_79_expected,15,an,cup,16,alien,updates,95,97,Bob claims to be from outer space but nobody believes that he is actually an alien from another planet.,x-x-x plenty cent pm miss drank guess buy miller timeline jack sit yeah congress cup updates anti comment honour.,Q,2,Does Bob claim to be from Canada?
79,unexpected,husb_79_unexpected,15,a,cup,16,tourist,updates,0,0,Bob claims to be from outer space but nobody believes that he is actually a tourist from another planet.,x-x-x plenty cent pm miss drank guess buy miller timeline jack sit yeah congress cup updates anti comment honour.,Q,2,Does Bob claim to be from Canada?
80,expected,husb_80_expected,24,a,map,25,tourist,delete,95,97,With his khaki shorts and his loud Hawaiian shirt and the camera around his neck you could definitely tell that the man was a tourist in the country.,x-x-x knew aloud costly anti hear spam Cheapest ought pre bet afford happen rule edit cent coast journalist laws file fund via holy map delete ha miss reached.,NQ,,
80,unexpected,husb_80_unexpected,24,an,map,25,alien,delete,5,0,With his khaki shorts and his loud Hawaiian shirt and the camera around his neck you could definitely tell that the man was an alien in the country.,x-x-x knew aloud costly anti hear spam Cheapest ought pre bet afford happen rule edit cent coast journalist laws file fund via holy map delete ha miss reached.,NQ,,
